Entity,Year,Production
Albania,1961,0
Albania,1962,0
Albania,1963,0
Albania,1964,0
Albania,1965,0
Albania,1966,0
Albania,1967,0
Albania,1968,0
Albania,1969,0
Albania,1970,0
Albania,1971,0
Albania,1972,0
Albania,1973,0
Albania,1974,0
Albania,1975,0
Albania,1976,0
Albania,1977,0
Albania,1978,0
Albania,1979,0
Albania,1980,0
Albania,1981,0
Albania,1982,0
Albania,1983,0
Albania,1984,0
Albania,1985,0
Albania,1986,0
Albania,1987,0
Albania,1988,0
Albania,1989,0
Albania,1990,0
Albania,2010,0
Albania,2011,0
Albania,2012,0
Albania,2013,0
Albania,2014,0
Albania,2015,0
Albania,2016,0
Albania,2017,0
Albania,2018,0
Angola,1961,40000
Angola,1962,41000
Angola,1963,36000
Angola,1964,41000
Angola,1965,32000
Angola,1966,35000
Angola,1967,35000
Angola,1968,38000
Angola,1969,45000
Angola,1970,38000
Angola,1971,38000
Angola,1972,38000
Angola,1973,40000
Angola,1974,40000
Angola,1975,40000
Angola,1976,35000
Angola,1977,30000
Angola,1978,35000
Angola,1979,40000
Angola,1980,40000
Angola,1981,38000
Angola,1982,38000
Angola,1983,40000
Angola,1984,38000
Angola,1985,36000
Angola,1986,38000
Angola,1987,40000
Angola,1988,42000
Angola,1989,42000
Angola,1990,40000
Angola,1991,40000
Angola,1992,40000
Angola,1993,40000
Angola,1994,40000
Angola,1995,40000
Angola,1996,48000
Angola,1997,50000
Angola,1998,51000
Angola,1999,49000
Angola,2000,49000
Angola,2001,49000
Angola,2002,50000
Angola,2003,49000
Angola,2004,51000
Angola,2005,53000
Angola,2006,54000
Angola,2007,55000
Angola,2008,46000
Angola,2009,55000
Angola,2010,57000
Angola,2011,50000
Angola,2012,48000
Angola,2013,46000
Angola,2014,42000
Angola,2015,45000
Angola,2016,48000
Angola,2017,51000
Angola,2018,53000
Angola,2019,55000
Angola,2020,57000
Angola,2021,59000
Austria,1961,0
Austria,1962,0
Austria,1963,0
Austria,1964,0
Austria,1965,0
Austria,1966,0
Austria,1967,0
Austria,1968,0
Austria,1969,0
Austria,1970,0
Austria,1971,0
Austria,1972,0
Austria,1973,0
Austria,1974,0
Austria,1975,0
Austria,1976,0
Austria,1977,0
Austria,1978,0
Austria,1979,0
Austria,1980,0
Austria,1981,0
Austria,1982,0
Austria,1983,0
Austria,1984,0
Austria,1985,0
Austria,1986,0
Austria,1987,0
Austria,1988,0
Austria,1989,0
Austria,1990,0
Austria,2010,0
Austria,2011,0
Austria,2012,0
Austria,2013,0
Austria,2014,0
Austria,2015,0
Austria,2016,0
Austria,2017,0
Austria,2018,0
Belgium,2014,0
Belgium,2015,0
Belgium,2016,0
Belgium,2017,0
Belgium,2018,0
Belgium,2019,0
Benin,1961,24600
Benin,1962,23200
Benin,1963,24800
Benin,1964,27000
Benin,1965,27000
Benin,1966,27000
Benin,1967,24700
Benin,1968,27200
Benin,1969,31300
Benin,1970,31957
Benin,1971,19990
Benin,1972,15396
Benin,1973,15636
Benin,1974,25796
Benin,1975,38500
Benin,1976,47000
Benin,1977,33000
Benin,1978,25000
Benin,1979,25000
Benin,1980,34000
Benin,1981,30000
Benin,1982,31000
Benin,1983,35000
Benin,1984,35000
Benin,1985,33000
Benin,1986,25000
Benin,1987,25000
Benin,1988,25000
Benin,1989,20000
Benin,1990,21854
Benin,1991,14000
Benin,1992,13700
Benin,1993,14000
Benin,1994,9432
Benin,1995,12500
Benin,1996,15000
Benin,1997,8841
Benin,1998,14800
Benin,1999,15000
Benin,2000,36000
Benin,2001,36000
Benin,2002,32000
Benin,2003,32000
Benin,2004,33500
Benin,2005,36000
Benin,2006,38000
Benin,2007,40000
Benin,2008,42000
Benin,2009,44000
Benin,2010,46000
Benin,2011,46000
Benin,2012,53000
Benin,2013,56000
Benin,2014,64000
Benin,2015,60000
Benin,2016,65000
Benin,2017,70000
Benin,2018,75000
Benin,2019,78000
Benin,2020,80000
Benin,2021,92000
Brazil,1961,3993
Brazil,1962,5126
Brazil,1963,5340
Brazil,1964,6429
Brazil,1965,8491
Brazil,1966,10980
Brazil,1967,9795
Brazil,1968,10191
Brazil,1969,11619
Brazil,1970,4678
Brazil,1971,5200
Brazil,1972,5500
Brazil,1973,6000
Brazil,1974,6500
Brazil,1975,7000
Brazil,1976,9000
Brazil,1977,12000
Brazil,1978,15000
Brazil,1979,16000
Brazil,1980,12000
Brazil,1981,14000
Brazil,1982,16000
Brazil,1983,18000
Brazil,1984,23000
Brazil,1985,29000
Brazil,1986,31000
Brazil,1987,39000
Brazil,1988,46000
Brazil,1989,53700
Brazil,1990,65600
Brazil,1991,69900
Brazil,1992,60000
Brazil,1993,53800
Brazil,1994,70800
Brazil,1995,75500
Brazil,1996,79500
Brazil,1997,80400
Brazil,1998,88600
Brazil,1999,92000
Brazil,2000,108000
Brazil,2001,110000
Brazil,2002,118000
Brazil,2003,129000
Brazil,2004,142000
Brazil,2005,160000
Brazil,2006,170000
Brazil,2007,190000
Brazil,2008,210000
Brazil,2009,240000
Brazil,2010,250000
Brazil,2011,270000
Brazil,2012,310000
Brazil,2013,340000
Brazil,2014,365000
Brazil,2015,400000
Brazil,2016,415000
Brazil,2017,313376
Brazil,2018,362732
Brazil,2019,400559.9
Brazil,2020,576763
Brazil,2021,579158.6
Brunei,2020,0
Brunei,2021,0
Burundi,1961,1000
Burundi,1962,1000
Burundi,1963,1000
Burundi,1964,1000
Burundi,1965,1000
Burundi,1966,1000
Burundi,1967,1000
Burundi,1968,1340
Burundi,1969,1670
Burundi,1970,1740
Burundi,1971,1780
Burundi,1972,1600
Burundi,1973,1690
Burundi,1974,1360
Burundi,1975,1620
Burundi,1976,1620
Burundi,1977,1700
Burundi,1978,2200
Burundi,1979,1750
Burundi,1980,1800
Burundi,1981,1800
Burundi,1982,1800
Burundi,1983,1800
Burundi,1984,1800
Burundi,1985,1800
Burundi,1986,1800
Burundi,1987,1850
Burundi,1988,1930
Burundi,1989,1401
Burundi,1990,1931
Burundi,1991,1958
Burundi,1992,2012
Burundi,1993,1960
Burundi,1994,1755
Burundi,1995,1890
Burundi,1996,1960
Burundi,1997,2030
Burundi,1998,1960
Burundi,1999,1890
Burundi,2000,1760
Burundi,2001,1260
Burundi,2002,1490
Burundi,2003,2000
Burundi,2004,2700
Burundi,2005,4500
Burundi,2006,7500
Burundi,2007,11500
Burundi,2008,12977
Burundi,2009,12217
Burundi,2010,11418
Burundi,2011,9689
Burundi,2012,9923
Burundi,2013,15778
Burundi,2014,18468
Burundi,2015,16571
Burundi,2016,19216
Burundi,2017,17282.65
Burundi,2018,17000
Burundi,2019,16771.63
Burundi,2020,17744.64
Burundi,2021,17791.55
Cambodia,1961,0
Cambodia,1962,0
Cambodia,1963,0
Cambodia,1964,0
Cambodia,1965,0
Cambodia,1966,0
Cambodia,1967,0
Cambodia,1968,0
Cambodia,1969,0
Cambodia,1970,0
Cambodia,1971,0
Cambodia,1972,0
Cambodia,1973,0
Cambodia,1974,0
Cambodia,1975,0
Cambodia,1976,0
Cambodia,1977,0
Cambodia,1978,0
Cambodia,1979,0
Cambodia,1980,0
Cambodia,1981,0
Cambodia,1982,0
Cambodia,1983,0
Cambodia,1984,0
Cambodia,1985,0
Cambodia,1986,0
Cambodia,1987,0
Cambodia,1988,0
Cambodia,1989,0
Cambodia,1990,0
Cambodia,2010,31606.85
Cambodia,2011,31594.22
Cambodia,2012,31603.64
Cambodia,2013,31622.7
Cambodia,2014,31557.2
Cambodia,2015,38025.53
Cambodia,2016,43670.02
Cambodia,2017,48234.1
Cambodia,2018,53035.97
Cambodia,2019,84000
Cambodia,2020,85000
Cambodia,2021,95000
Cameroon,1961,37200
Cameroon,1962,37000
Cameroon,1963,51400
Cameroon,1964,52600
Cameroon,1965,60750
Cameroon,1966,46000
Cameroon,1967,62500
Cameroon,1968,64170
Cameroon,1969,58000
Cameroon,1970,64500
Cameroon,1971,63700
Cameroon,1972,64600
Cameroon,1973,69300
Cameroon,1974,72200
Cameroon,1975,79900
Cameroon,1976,62500
Cameroon,1977,62600
Cameroon,1978,80000
Cameroon,1979,75000
Cameroon,1980,85000
Cameroon,1981,70744
Cameroon,1982,72485
Cameroon,1983,64586
Cameroon,1984,79012
Cameroon,1985,102598
Cameroon,1986,103960
Cameroon,1987,98000
Cameroon,1988,100000
Cameroon,1989,148330
Cameroon,1990,157708
Cameroon,1991,130000
Cameroon,1992,120000
Cameroon,1993,123000
Cameroon,1994,125000
Cameroon,1995,125000
Cameroon,1996,160708
Cameroon,1997,135000
Cameroon,1998,139000
Cameroon,1999,131979
Cameroon,2000,136277
Cameroon,2001,138476
Cameroon,2002,153121
Cameroon,2003,162308
Cameroon,2004,172047
Cameroon,2005,198325
Cameroon,2006,205318
Cameroon,2007,215462
Cameroon,2008,225606
Cameroon,2009,238000
Cameroon,2010,326940
Cameroon,2011,354076
Cameroon,2012,240000
Cameroon,2013,249000
Cameroon,2014,253000
Cameroon,2015,260000
Cameroon,2016,318773
Cameroon,2017,361995
Cameroon,2018,352195
Cameroon,2019,336466
Cameroon,2020,373463
Cameroon,2021,320000
Caribbean (FAO),1989,2600
Caribbean (FAO),1990,8800
Caribbean (FAO),1991,13200
Caribbean (FAO),1992,16300
Caribbean (FAO),1993,20000
Caribbean (FAO),1994,23000
Caribbean (FAO),1995,24000
Caribbean (FAO),1996,25000
Caribbean (FAO),1997,25000
Caribbean (FAO),1998,25000
Caribbean (FAO),1999,23500
Caribbean (FAO),2000,26000
Caribbean (FAO),2001,26000
Caribbean (FAO),2002,25200
Caribbean (FAO),2003,27000
Caribbean (FAO),2004,27600
Caribbean (FAO),2005,29000
Caribbean (FAO),2006,31000
Caribbean (FAO),2007,32000
Caribbean (FAO),2008,35000
Caribbean (FAO),2009,38000
Caribbean (FAO),2010,41000
Caribbean (FAO),2011,44000
Caribbean (FAO),2012,45000
Caribbean (FAO),2013,46000
Caribbean (FAO),2014,47000
Caribbean (FAO),2015,50000
Caribbean (FAO),2016,52000
Caribbean (FAO),2017,52000
Caribbean (FAO),2018,53000
Caribbean (FAO),2019,55000
Caribbean (FAO),2020,51000
Caribbean (FAO),2021,40000
China,1961,40000
China,1962,40000
China,1963,40000
China,1964,40000
China,1965,40000
China,1966,60000
China,1967,72000
China,1968,88000
China,1969,100000
China,1970,112000
China,1971,128000
China,1972,148000
China,1973,152000
China,1974,156000
China,1975,156000
China,1976,164000
China,1977,160000
China,1978,168000
China,1979,172000
China,1980,160000
China,1981,164000
China,1982,180000
China,1983,188000
China,1984,184000
China,1985,240000
China,1986,240000
China,1987,223000
China,1988,213000
China,1989,203000
China,1990,180000
China,1991,184628
China,1992,192000
China,1993,200000
China,1994,211948
China,1995,220822
China,1996,202000
China,1997,205000
China,1998,207000
China,1999,210000
China,2000,213000
China,2001,217000
China,2002,220000
China,2003,223000
China,2004,225000
China,2005,248020
China,2006,217000
China,2007,221000
China,2008,225000
China,2009,230000
China,2010,135662.83
China,2011,132666.7
China,2012,135662.83
China,2013,138687.89
China,2014,114109.69
China,2015,112495.94
China,2016,112290.03
China,2017,112335.93
China,2018,112381.82
China,2019,112965.41
China,2020,112389.98
China,2021,112418.2
Colombia,1961,1700
Colombia,1962,1950
Colombia,1963,2100
Colombia,1964,2200
Colombia,1965,2200
Colombia,1966,2800
Colombia,1967,11100
Colombia,1968,13400
Colombia,1969,17700
Colombia,1970,26900
Colombia,1971,36200
Colombia,1972,41400
Colombia,1973,44000
Colombia,1974,50800
Colombia,1975,39200
Colombia,1976,38940
Colombia,1977,48100
Colombia,1978,48800
Colombia,1979,61800
Colombia,1980,69800
Colombia,1981,79900
Colombia,1982,85200
Colombia,1983,101900
Colombia,1984,118628
Colombia,1985,125250
Colombia,1986,140000
Colombia,1987,147000
Colombia,1988,198725
Colombia,1989,224000
Colombia,1990,251961
Colombia,1991,290856
Colombia,1992,290470
Colombia,1993,314680
Colombia,1994,353163
Colombia,1995,387646
Colombia,1996,409620
Colombia,1997,440796
Colombia,1998,424198
Colombia,1999,499635
Colombia,2000,524001
Colombia,2001,547571
Colombia,2002,528400
Colombia,2003,526634
Colombia,2004,630400
Colombia,2005,672576
Colombia,2006,711000
Colombia,2007,780000
Colombia,2008,777800
Colombia,2009,804838
Colombia,2010,753039
Colombia,2011,804838
Colombia,2012,973039
Colombia,2013,1040835
Colombia,2014,1109586
Colombia,2015,1275000
Colombia,2016,1146000
Colombia,2017,1627552
Colombia,2018,1631506.4
Colombia,2019,1527548.9
Colombia,2020,1557994.9
Colombia,2021,1747773
Congo,1961,6592
Congo,1962,7100
Congo,1963,8750
Congo,1964,9000
Congo,1965,10000
Congo,1966,11000
Congo,1967,12000
Congo,1968,13700
Congo,1969,14000
Congo,1970,14000
Congo,1971,14000
Congo,1972,14000
Congo,1973,14000
Congo,1974,14000
Congo,1975,14000
Congo,1976,14000
Congo,1977,15000
Congo,1978,15000
Congo,1979,15000
Congo,1980,15000
Congo,1981,15000
Congo,1982,15000
Congo,1983,15300
Congo,1984,15300
Congo,1985,15300
Congo,1986,15600
Congo,1987,15700
Congo,1988,16000
Congo,1989,16500
Congo,1990,17722
Congo,1991,16000
Congo,1992,15000
Congo,1993,15400
Congo,1994,16000
Congo,1995,16100
Congo,1996,16700
Congo,1997,15700
Congo,1998,16100
Congo,1999,16700
Congo,2000,16891
Congo,2001,16962
Congo,2002,18900
Congo,2003,15000
Congo,2004,18000
Congo,2005,19000
Congo,2006,24500
Congo,2007,25000
Congo,2008,25106
Congo,2009,25200
Congo,2010,25450
Congo,2011,25550
Congo,2012,25850
Congo,2013,25950
Congo,2014,26043
Congo,2015,27021.15
Congo,2016,27192.2
Congo,2017,27485.87
Congo,2018,27779.53
Congo,2019,27003.75
Congo,2020,27574.59
Congo,2021,27734.64
Costa Rica,1961,4300
Costa Rica,1962,5300
Costa Rica,1963,9200
Costa Rica,1964,8900
Costa Rica,1965,9200
Costa Rica,1966,9100
Costa Rica,1967,9500
Costa Rica,1968,10200
Costa Rica,1969,12000
Costa Rica,1970,13000
Costa Rica,1971,14000
Costa Rica,1972,14000
Costa Rica,1973,22226
Costa Rica,1974,22000
Costa Rica,1975,22000
Costa Rica,1976,23000
Costa Rica,1977,23000
Costa Rica,1978,29600
Costa Rica,1979,30800
Costa Rica,1980,31300
Costa Rica,1981,37300
Costa Rica,1982,39900
Costa Rica,1983,43400
Costa Rica,1984,43196
Costa Rica,1985,35583
Costa Rica,1986,44681
Costa Rica,1987,47216
Costa Rica,1988,59246
Costa Rica,1989,72108
Costa Rica,1990,73178
Costa Rica,1991,76298
Costa Rica,1992,75155
Costa Rica,1993,84858
Costa Rica,1994,89457
Costa Rica,1995,93217
Costa Rica,1996,96789
Costa Rica,1997,101000
Costa Rica,1998,108586
Costa Rica,1999,108972
Costa Rica,2000,137051
Costa Rica,2001,149868
Costa Rica,2002,128400
Costa Rica,2003,131460
Costa Rica,2004,158700
Costa Rica,2005,179400
Costa Rica,2006,196300
Costa Rica,2007,189750
Costa Rica,2008,198536
Costa Rica,2009,206482
Costa Rica,2010,226734
Costa Rica,2011,241500
Costa Rica,2012,255588
Costa Rica,2013,299911
Costa Rica,2014,203413
Costa Rica,2015,187680
Costa Rica,2016,250573
Costa Rica,2017,252034
Costa Rica,2018,250194
Costa Rica,2019,247800
Costa Rica,2020,260100
Costa Rica,2021,265903
Cote d'Ivoire,1961,14000
Cote d'Ivoire,1962,13000
Cote d'Ivoire,1963,15000
Cote d'Ivoire,1964,16000
Cote d'Ivoire,1965,18000
Cote d'Ivoire,1966,17000
Cote d'Ivoire,1967,20000
Cote d'Ivoire,1968,22000
Cote d'Ivoire,1969,28000
Cote d'Ivoire,1970,50000
Cote d'Ivoire,1971,61400
Cote d'Ivoire,1972,93400
Cote d'Ivoire,1973,99100
Cote d'Ivoire,1974,145900
Cote d'Ivoire,1975,153400
Cote d'Ivoire,1976,150600
Cote d'Ivoire,1977,133200
Cote d'Ivoire,1978,145500
Cote d'Ivoire,1979,131000
Cote d'Ivoire,1980,189100
Cote d'Ivoire,1981,153200
Cote d'Ivoire,1982,168800
Cote d'Ivoire,1983,168100
Cote d'Ivoire,1984,166632
Cote d'Ivoire,1985,160886
Cote d'Ivoire,1986,203232
Cote d'Ivoire,1987,212807
Cote d'Ivoire,1988,186542
Cote d'Ivoire,1989,193272
Cote d'Ivoire,1990,250188
Cote d'Ivoire,1991,255267
Cote d'Ivoire,1992,281108
Cote d'Ivoire,1993,274401
Cote d'Ivoire,1994,275887
Cote d'Ivoire,1995,267889
Cote d'Ivoire,1996,296948
Cote d'Ivoire,1997,248882
Cote d'Ivoire,1998,264403
Cote d'Ivoire,1999,284518
Cote d'Ivoire,2000,263213
Cote d'Ivoire,2001,219634
Cote d'Ivoire,2002,252289
Cote d'Ivoire,2003,225872
Cote d'Ivoire,2004,297534
Cote d'Ivoire,2005,236000
Cote d'Ivoire,2006,281000
Cote d'Ivoire,2007,288819
Cote d'Ivoire,2008,302033
Cote d'Ivoire,2009,345000
Cote d'Ivoire,2010,360000
Cote d'Ivoire,2011,371000
Cote d'Ivoire,2012,417770
Cote d'Ivoire,2013,395800
Cote d'Ivoire,2014,415000
Cote d'Ivoire,2015,415000
Cote d'Ivoire,2016,486000
Cote d'Ivoire,2017,483000
Cote d'Ivoire,2018,472450
Cote d'Ivoire,2019,535365
Cote d'Ivoire,2020,514491
Cote d'Ivoire,2021,601290
Democratic Republic of Congo,1961,224000
Democratic Republic of Congo,1962,229000
Democratic Republic of Congo,1963,223500
Democratic Republic of Congo,1964,209300
Democratic Republic of Congo,1965,162400
Democratic Republic of Congo,1966,167600
Democratic Republic of Congo,1967,203200
Democratic Republic of Congo,1968,242200
Democratic Republic of Congo,1969,245000
Democratic Republic of Congo,1970,231700
Democratic Republic of Congo,1971,220600
Democratic Republic of Congo,1972,208000
Democratic Republic of Congo,1973,194400
Democratic Republic of Congo,1974,184400
Democratic Republic of Congo,1975,181400
Democratic Republic of Congo,1976,175400
Democratic Republic of Congo,1977,173300
Democratic Republic of Congo,1978,170900
Democratic Republic of Congo,1979,170000
Democratic Republic of Congo,1980,168300
Democratic Republic of Congo,1981,165000
Democratic Republic of Congo,1982,155000
Democratic Republic of Congo,1983,145000
Democratic Republic of Congo,1984,153000
Democratic Republic of Congo,1985,160000
Democratic Republic of Congo,1986,155000
Democratic Republic of Congo,1987,165000
Democratic Republic of Congo,1988,178000
Democratic Republic of Congo,1989,178000
Democratic Republic of Congo,1990,179000
Democratic Republic of Congo,1991,180000
Democratic Republic of Congo,1992,181000
Democratic Republic of Congo,1993,182000
Democratic Republic of Congo,1994,170520
Democratic Republic of Congo,1995,195630
Democratic Republic of Congo,1996,186120
Democratic Republic of Congo,1997,167810
Democratic Republic of Congo,1998,168830
Democratic Republic of Congo,1999,168050
Democratic Republic of Congo,2000,167640
Democratic Republic of Congo,2001,167230
Democratic Republic of Congo,2002,170000
Democratic Republic of Congo,2003,175000
Democratic Republic of Congo,2004,175000
Democratic Republic of Congo,2005,175000
Democratic Republic of Congo,2006,175000
Democratic Republic of Congo,2007,182000
Democratic Republic of Congo,2008,182000
Democratic Republic of Congo,2009,185000
Democratic Republic of Congo,2010,186000
Democratic Republic of Congo,2011,190000
Democratic Republic of Congo,2012,236000
Democratic Republic of Congo,2013,282000
Democratic Republic of Congo,2014,288000
Democratic Republic of Congo,2015,291000
Democratic Republic of Congo,2016,288000
Democratic Republic of Congo,2017,291000
Democratic Republic of Congo,2018,293000
Democratic Republic of Congo,2019,294000
Democratic Republic of Congo,2020,300000
Democratic Republic of Congo,2021,300000
Dominican Republic,1961,0
Dominican Republic,1962,0
Dominican Republic,1963,0
Dominican Republic,1964,0
Dominican Republic,1965,0
Dominican Republic,1966,0
Dominican Republic,1967,0
Dominican Republic,1968,0
Dominican Republic,1969,0
Dominican Republic,1970,0
Dominican Republic,1971,0
Dominican Republic,1972,0
Dominican Republic,1973,0
Dominican Republic,1974,0
Dominican Republic,1975,0
Dominican Republic,1976,0
Dominican Republic,1977,0
Dominican Republic,1978,0
Dominican Republic,1979,0
Dominican Republic,1980,0
Dominican Republic,1981,0
Dominican Republic,1982,0
Dominican Republic,1983,0
Dominican Republic,1984,0
Dominican Republic,1985,0
Dominican Republic,1986,0
Dominican Republic,1987,0
Dominican Republic,1988,0
Dominican Republic,1989,2600
Dominican Republic,1990,8800
Dominican Republic,1991,13200
Dominican Republic,1992,16300
Dominican Republic,1993,20000
Dominican Republic,1994,23000
Dominican Republic,1995,24000
Dominican Republic,1996,25000
Dominican Republic,1997,25000
Dominican Republic,1998,25000
Dominican Republic,1999,23500
Dominican Republic,2000,26000
Dominican Republic,2001,26000
Dominican Republic,2002,25200
Dominican Republic,2003,27000
Dominican Republic,2004,27600
Dominican Republic,2005,29000
Dominican Republic,2006,31000
Dominican Republic,2007,32000
Dominican Republic,2008,35000
Dominican Republic,2009,38000
Dominican Republic,2010,41000
Dominican Republic,2011,44000
Dominican Republic,2012,45000
Dominican Republic,2013,46000
Dominican Republic,2014,47000
Dominican Republic,2015,50000
Dominican Republic,2016,52000
Dominican Republic,2017,52000
Dominican Republic,2018,53000
Dominican Republic,2019,55000
Dominican Republic,2020,51000
Dominican Republic,2021,40000
East Timor,1961,0
East Timor,1962,0
East Timor,1963,0
East Timor,1964,0
East Timor,1965,0
East Timor,1966,0
East Timor,1967,0
East Timor,1968,0
East Timor,1969,0
East Timor,1970,0
East Timor,1971,0
East Timor,1972,0
East Timor,1973,0
East Timor,1974,0
East Timor,1975,0
East Timor,1976,0
East Timor,1977,0
East Timor,1978,0
East Timor,1979,0
East Timor,1980,0
East Timor,1981,0
East Timor,1982,0
East Timor,1983,0
East Timor,1984,0
East Timor,1985,0
East Timor,1986,0
East Timor,1987,0
East Timor,1988,0
East Timor,1989,0
East Timor,1990,0
East Timor,1991,0
East Timor,1992,0
East Timor,2010,0
East Timor,2011,0
East Timor,2012,0
East Timor,2013,0
East Timor,2014,0
East Timor,2015,0
Ecuador,1961,30000
Ecuador,1962,32000
Ecuador,1963,32000
Ecuador,1964,34000
Ecuador,1965,40000
Ecuador,1966,37000
Ecuador,1967,45000
Ecuador,1968,50000
Ecuador,1969,35000
Ecuador,1970,27000
Ecuador,1971,38000
Ecuador,1972,36000
Ecuador,1973,29800
Ecuador,1974,11007
Ecuador,1975,14186
Ecuador,1976,15288
Ecuador,1977,25000
Ecuador,1978,28000
Ecuador,1979,31000
Ecuador,1980,37300
Ecuador,1981,43700
Ecuador,1982,56000
Ecuador,1983,64000
Ecuador,1984,67000
Ecuador,1985,82000
Ecuador,1986,118000
Ecuador,1987,123779
Ecuador,1988,121347
Ecuador,1989,162570
Ecuador,1990,150425
Ecuador,1991,160618
Ecuador,1992,166271
Ecuador,1993,170502
Ecuador,1994,194668
Ecuador,1995,179933
Ecuador,1996,187755
Ecuador,1997,243556
Ecuador,1998,269642
Ecuador,1999,164045
Ecuador,2000,217864
Ecuador,2001,227830
Ecuador,2002,263252
Ecuador,2003,220945
Ecuador,2004,261237
Ecuador,2005,290568
Ecuador,2006,291000
Ecuador,2007,295000
Ecuador,2008,312000
Ecuador,2009,328000
Ecuador,2010,380300
Ecuador,2011,495000
Ecuador,2012,543000
Ecuador,2013,495000
Ecuador,2014,490000
Ecuador,2015,535000
Ecuador,2016,587000
Ecuador,2017,570000
Ecuador,2018,560000
Ecuador,2019,509000
Ecuador,2020,475100
Ecuador,2021,419000
Equatorial Guinea,1961,3100
Equatorial Guinea,1962,3300
Equatorial Guinea,1963,3100
Equatorial Guinea,1964,3209
Equatorial Guinea,1965,3783
Equatorial Guinea,1966,4000
Equatorial Guinea,1967,4000
Equatorial Guinea,1968,4000
Equatorial Guinea,1969,4000
Equatorial Guinea,1970,4000
Equatorial Guinea,1971,4000
Equatorial Guinea,1972,4100
Equatorial Guinea,1973,4200
Equatorial Guinea,1974,4300
Equatorial Guinea,1975,4200
Equatorial Guinea,1976,4500
Equatorial Guinea,1977,4600
Equatorial Guinea,1978,4700
Equatorial Guinea,1979,4700
Equatorial Guinea,1980,4800
Equatorial Guinea,1981,4800
Equatorial Guinea,1982,4900
Equatorial Guinea,1983,5000
Equatorial Guinea,1984,5200
Equatorial Guinea,1985,5000
Equatorial Guinea,1986,5000
Equatorial Guinea,1987,5000
Equatorial Guinea,1988,5000
Equatorial Guinea,1989,5000
Equatorial Guinea,1990,5370
Equatorial Guinea,1991,4704
Equatorial Guinea,1992,4900
Equatorial Guinea,1993,4800
Equatorial Guinea,1994,4700
Equatorial Guinea,1995,4500
Equatorial Guinea,1996,4600
Equatorial Guinea,1997,4400
Equatorial Guinea,1998,4300
Equatorial Guinea,1999,4500
Equatorial Guinea,2000,4551
Equatorial Guinea,2001,4570
Equatorial Guinea,2002,4807
Equatorial Guinea,2003,4921
Equatorial Guinea,2004,5102
Equatorial Guinea,2005,5265
Equatorial Guinea,2006,5479
Equatorial Guinea,2007,5992
Equatorial Guinea,2008,6017
Equatorial Guinea,2009,5250
Equatorial Guinea,2010,5000
Equatorial Guinea,2011,5000
Equatorial Guinea,2012,5500
Equatorial Guinea,2013,5500
Equatorial Guinea,2014,5494
Equatorial Guinea,2015,5443.55
Equatorial Guinea,2016,5480
Equatorial Guinea,2017,5500
Equatorial Guinea,2018,5510
Equatorial Guinea,2019,5500
Equatorial Guinea,2020,5400
Equatorial Guinea,2021,5400
Gabon,1961,1500
Gabon,1962,1500
Gabon,1963,1600
Gabon,1964,1900
Gabon,1965,2600
Gabon,1966,2400
Gabon,1967,2500
Gabon,1968,2900
Gabon,1969,2400
Gabon,1970,2200
Gabon,1971,2400
Gabon,1972,2400
Gabon,1973,2400
Gabon,1974,2500
Gabon,1975,2000
Gabon,1976,2000
Gabon,1977,1600
Gabon,1978,1400
Gabon,1979,1600
Gabon,1980,2000
Gabon,1981,1800
Gabon,1982,1800
Gabon,1983,3000
Gabon,1984,3200
Gabon,1985,3060
Gabon,1986,4500
Gabon,1987,4746
Gabon,1988,4616
Gabon,1989,2529
Gabon,1990,4324
Gabon,1991,6969
Gabon,1992,6848
Gabon,1993,8010
Gabon,1994,7576
Gabon,1995,7405
Gabon,1996,6721
Gabon,1997,7000
Gabon,1998,6400
Gabon,1999,6245
Gabon,2000,6316
Gabon,2001,6343
Gabon,2002,6672
Gabon,2003,6830
Gabon,2004,7081
Gabon,2005,7308
Gabon,2006,7605
Gabon,2007,6700
Gabon,2008,6728
Gabon,2009,4000
Gabon,2010,2430.4
Gabon,2011,3000
Gabon,2012,3200
Gabon,2013,3200
Gabon,2014,3644.85
Gabon,2015,3705
Gabon,2016,3750
Gabon,2017,3187.5
Gabon,2018,3150
Gabon,2019,2520
Gabon,2020,2632.5
Gabon,2021,3000
Gambia,1961,1700
Gambia,1962,1800
Gambia,1963,1600
Gambia,1964,1700
Gambia,1965,2100
Gambia,1966,2100
Gambia,1967,2100
Gambia,1968,2100
Gambia,1969,2000
Gambia,1970,2000
Gambia,1971,2000
Gambia,1972,2000
Gambia,1973,2200
Gambia,1974,2500
Gambia,1975,2600
Gambia,1976,3000
Gambia,1977,3000
Gambia,1978,3000
Gambia,1979,3000
Gambia,1980,3000
Gambia,1981,3000
Gambia,1982,2500
Gambia,1983,2500
Gambia,1984,2500
Gambia,1985,2500
Gambia,1986,2500
Gambia,1987,2500
Gambia,1988,2500
Gambia,1989,2500
Gambia,1990,2732
Gambia,1991,2832
Gambia,1992,2984
Gambia,1993,3032
Gambia,1994,3075
Gambia,1995,3101
Gambia,1996,2916
Gambia,1997,2902
Gambia,1998,3065
Gambia,1999,3227
Gambia,2000,3182
Gambia,2001,3095
Gambia,2002,2000
Gambia,2003,2500
Gambia,2004,2753
Gambia,2005,2787
Gambia,2006,3077
Gambia,2007,2550
Gambia,2008,2500
Gambia,2009,2950
Gambia,2010,2958.95
Gambia,2011,2958.95
Gambia,2012,2958.95
Gambia,2013,2958.95
Gambia,2014,4200
Gambia,2015,4200
Gambia,2016,4200
Gambia,2017,4200
Gambia,2018,4200
Gambia,2019,4150.2
Gambia,2020,4150.78
Gambia,2021,4150.91
Germany,1961,0
Germany,1962,0
Germany,1963,0
Germany,1964,0
Germany,1965,0
Germany,1966,0
Germany,1967,0
Germany,1968,0
Germany,1969,0
Germany,1970,0
Germany,1971,0
Germany,1972,0
Germany,1973,0
Germany,1974,0
Germany,1975,0
Germany,1976,0
Germany,1977,0
Germany,1978,0
Germany,1979,0
Germany,1980,0
Germany,1981,0
Germany,1982,0
Germany,1983,0
Germany,1984,0
Germany,1985,0
Germany,1986,0
Germany,1987,0
Germany,1988,0
Germany,1989,0
Germany,1990,0
Germany,2010,0
Germany,2011,0
Germany,2012,0
Germany,2013,0
Germany,2014,0
Germany,2015,0
Germany,2016,0
Germany,2017,0
Germany,2018,0
Germany,2019,0
Ghana,1961,23000
Ghana,1962,24000
Ghana,1963,25000
Ghana,1964,26000
Ghana,1965,27000
Ghana,1966,16000
Ghana,1967,18000
Ghana,1968,18000
Ghana,1969,18000
Ghana,1970,20000
Ghana,1971,20000
Ghana,1972,20000
Ghana,1973,20000
Ghana,1974,23000
Ghana,1975,24000
Ghana,1976,18000
Ghana,1977,21000
Ghana,1978,21000
Ghana,1979,21000
Ghana,1980,21000
Ghana,1981,21000
Ghana,1982,23000
Ghana,1983,20000
Ghana,1984,30000
Ghana,1985,42000
Ghana,1986,51300
Ghana,1987,51000
Ghana,1988,60000
Ghana,1989,78000
Ghana,1990,85000
Ghana,1991,90000
Ghana,1992,100000
Ghana,1993,95000
Ghana,1994,100000
Ghana,1995,102000
Ghana,1996,83680
Ghana,1997,92044
Ghana,1998,111370
Ghana,1999,110000
Ghana,2000,108000
Ghana,2001,108000
Ghana,2002,108000
Ghana,2003,108400
Ghana,2004,114000
Ghana,2005,117000
Ghana,2006,121000
Ghana,2007,122000
Ghana,2008,128000
Ghana,2009,130000
Ghana,2010,120000
Ghana,2011,122000
Ghana,2012,122000
Ghana,2013,120000
Ghana,2014,121000
Ghana,2015,236697.2
Ghana,2016,236697.2
Ghana,2017,238865.42
Ghana,2018,312530
Ghana,2019,257762.05
Ghana,2020,264494.25
Ghana,2021,272306.34
Greece,2010,0
Greece,2011,0
Greece,2012,0
Greece,2013,0
Greece,2014,0
Greece,2015,0
Greece,2016,0
Greece,2017,0
Greece,2018,0
Guatemala,1961,0
Guatemala,1962,0
Guatemala,1963,0
Guatemala,1964,0
Guatemala,1965,0
Guatemala,1966,0
Guatemala,1967,0
Guatemala,1968,0
Guatemala,1969,0
Guatemala,1970,0
Guatemala,1971,0
Guatemala,1972,0
Guatemala,1973,0
Guatemala,1974,0
Guatemala,1975,0
Guatemala,1976,0
Guatemala,1977,0
Guatemala,1978,0
Guatemala,1979,0
Guatemala,1980,0
Guatemala,1981,0
Guatemala,1982,0
Guatemala,1983,2138
Guatemala,1984,2333
Guatemala,1985,3581
Guatemala,1986,6600
Guatemala,1987,7920
Guatemala,1988,5800
Guatemala,1989,6200
Guatemala,1990,8000
Guatemala,1991,10000
Guatemala,1992,13000
Guatemala,1993,16000
Guatemala,1994,22000
Guatemala,1995,25400
Guatemala,1996,35600
Guatemala,1997,50000
Guatemala,1998,47000
Guatemala,1999,53000
Guatemala,2000,65000
Guatemala,2001,70100
Guatemala,2002,86000
Guatemala,2003,85000
Guatemala,2004,87000
Guatemala,2005,92000
Guatemala,2006,125000
Guatemala,2007,130000
Guatemala,2008,185000
Guatemala,2009,180000
Guatemala,2010,182000
Guatemala,2011,248000
Guatemala,2012,310000
Guatemala,2013,410000
Guatemala,2014,455000
Guatemala,2015,522000
Guatemala,2016,730000
Guatemala,2017,739000
Guatemala,2018,862800
Guatemala,2019,863300
Guatemala,2020,850000
Guatemala,2021,800000
Guinea,1961,22400
Guinea,1962,24200
Guinea,1963,27600
Guinea,1964,25800
Guinea,1965,31300
Guinea,1966,35000
Guinea,1967,37500
Guinea,1968,41300
Guinea,1969,42800
Guinea,1970,43800
Guinea,1971,44000
Guinea,1972,30000
Guinea,1973,40000
Guinea,1974,37000
Guinea,1975,40000
Guinea,1976,35000
Guinea,1977,37800
Guinea,1978,40600
Guinea,1979,40000
Guinea,1980,40000
Guinea,1981,40000
Guinea,1982,40000
Guinea,1983,40000
Guinea,1984,40000
Guinea,1985,40000
Guinea,1986,40000
Guinea,1987,40000
Guinea,1988,38000
Guinea,1989,40000
Guinea,1990,41000
Guinea,1991,43000
Guinea,1992,40000
Guinea,1993,48000
Guinea,1994,50000
Guinea,1995,50422
Guinea,1996,55000
Guinea,1997,55000
Guinea,1998,50000
Guinea,1999,50000
Guinea,2000,50000
Guinea,2001,50000
Guinea,2002,50000
Guinea,2003,50000
Guinea,2004,50000
Guinea,2005,50000
Guinea,2006,50000
Guinea,2007,50000
Guinea,2008,50000
Guinea,2009,50000
Guinea,2010,50000
Guinea,2011,50000
Guinea,2012,50000
Guinea,2013,50000
Guinea,2014,50000
Guinea,2015,50000
Guinea,2016,50000
Guinea,2017,50000
Guinea,2018,50000
Guinea,2019,50000
Guinea,2020,50000
Guinea,2021,50000
Guinea-Bissau,1961,6500
Guinea-Bissau,1962,6500
Guinea-Bissau,1963,6500
Guinea-Bissau,1964,6000
Guinea-Bissau,1965,6000
Guinea-Bissau,1966,5000
Guinea-Bissau,1967,5500
Guinea-Bissau,1968,6000
Guinea-Bissau,1969,5000
Guinea-Bissau,1970,5000
Guinea-Bissau,1971,5000
Guinea-Bissau,1972,5000
Guinea-Bissau,1973,3000
Guinea-Bissau,1974,4500
Guinea-Bissau,1975,4000
Guinea-Bissau,1976,4000
Guinea-Bissau,1977,6000
Guinea-Bissau,1978,6000
Guinea-Bissau,1979,6000
Guinea-Bissau,1980,6000
Guinea-Bissau,1981,4000
Guinea-Bissau,1982,4000
Guinea-Bissau,1983,5000
Guinea-Bissau,1984,4000
Guinea-Bissau,1985,4000
Guinea-Bissau,1986,4000
Guinea-Bissau,1987,5000
Guinea-Bissau,1988,5000
Guinea-Bissau,1989,5000
Guinea-Bissau,1990,4000
Guinea-Bissau,1991,5000
Guinea-Bissau,1992,4500
Guinea-Bissau,1993,4000
Guinea-Bissau,1994,4500
Guinea-Bissau,1995,4538
Guinea-Bissau,1996,4268
Guinea-Bissau,1997,4248
Guinea-Bissau,1998,4400
Guinea-Bissau,1999,4500
Guinea-Bissau,2000,5000
Guinea-Bissau,2001,4500
Guinea-Bissau,2002,4778
Guinea-Bissau,2003,4890
Guinea-Bissau,2004,5386
Guinea-Bissau,2005,5453
Guinea-Bissau,2006,6020
Guinea-Bissau,2007,6153
Guinea-Bissau,2008,6350
Guinea-Bissau,2009,6400
Guinea-Bissau,2010,5824.37
Guinea-Bissau,2011,5916.36
Guinea-Bissau,2012,5916.36
Guinea-Bissau,2013,5916.36
Guinea-Bissau,2014,6000
Guinea-Bissau,2015,6000
Guinea-Bissau,2016,6000
Guinea-Bissau,2017,6000
Guinea-Bissau,2018,6000
Guinea-Bissau,2019,5925.22
Guinea-Bissau,2020,5943.03
Guinea-Bissau,2021,5935.06
Honduras,1961,2660
Honduras,1962,2808
Honduras,1963,2855
Honduras,1964,3150
Honduras,1965,3550
Honduras,1966,3895
Honduras,1967,4320
Honduras,1968,4800
Honduras,1969,5325
Honduras,1970,5910
Honduras,1971,5375
Honduras,1972,6260
Honduras,1973,8850
Honduras,1974,8415
Honduras,1975,9100
Honduras,1976,8750
Honduras,1977,10100
Honduras,1978,11350
Honduras,1979,12370
Honduras,1980,12180
Honduras,1981,22000
Honduras,1982,31500
Honduras,1983,35000
Honduras,1984,52000
Honduras,1985,61000
Honduras,1986,73000
Honduras,1987,73800
Honduras,1988,70000
Honduras,1989,73700
Honduras,1990,78000
Honduras,1991,80000
Honduras,1992,82000
Honduras,1993,80000
Honduras,1994,75600
Honduras,1995,75500
Honduras,1996,76000
Honduras,1997,77000
Honduras,1998,92000
Honduras,1999,90600
Honduras,2000,95000
Honduras,2001,130000
Honduras,2002,126500
Honduras,2003,158000
Honduras,2004,170000
Honduras,2005,237500
Honduras,2006,257600
Honduras,2007,265000
Honduras,2008,278000
Honduras,2009,280000
Honduras,2010,353000
Honduras,2011,373000
Honduras,2012,398000
Honduras,2013,425000
Honduras,2014,469413.88
Honduras,2015,489183
Honduras,2016,610149.94
Honduras,2017,690000
Honduras,2018,653000
Honduras,2019,707000
Honduras,2020,700000
Honduras,2021,650000
Iceland,2019,0
Indonesia,1961,145700
Indonesia,1962,141500
Indonesia,1963,148300
Indonesia,1964,164000
Indonesia,1965,156700
Indonesia,1966,174400
Indonesia,1967,167699
Indonesia,1968,181444
Indonesia,1969,188800
Indonesia,1970,216827
Indonesia,1971,249957
Indonesia,1972,269464
Indonesia,1973,289677
Indonesia,1974,347676
Indonesia,1975,397253
Indonesia,1976,431006
Indonesia,1977,457607
Indonesia,1978,501284
Indonesia,1979,641240
Indonesia,1980,721172
Indonesia,1981,800060
Indonesia,1982,886820
Indonesia,1983,982987
Indonesia,1984,1147190
Indonesia,1985,1243430
Indonesia,1986,1350729
Indonesia,1987,1506055
Indonesia,1988,1713335
Indonesia,1989,1964954
Indonesia,1990,2412612
Indonesia,1991,2657600
Indonesia,1992,3266250
Indonesia,1993,3421448
Indonesia,1994,4008060
Indonesia,1995,4479670
Indonesia,1996,4898658
Indonesia,1997,5385458
Indonesia,1998,5902178
Indonesia,1999,6011300
Indonesia,2000,7000507
Indonesia,2001,8396472
Indonesia,2002,9622344
Indonesia,2003,10440834
Indonesia,2004,10830389
Indonesia,2005,11861615
Indonesia,2006,17350848
Indonesia,2007,17664724
Indonesia,2008,17539788
Indonesia,2009,19324292
Indonesia,2010,21958120
Indonesia,2011,23096540
Indonesia,2012,26015520
Indonesia,2013,27782004
Indonesia,2014,29278188
Indonesia,2015,31070016
Indonesia,2016,31730960
Indonesia,2017,37965224
Indonesia,2018,40567230
Indonesia,2019,47120250
Indonesia,2020,44759148
Indonesia,2021,49710344
Japan,2019,0
Kazakhstan,2014,0
Kazakhstan,2015,0
Kazakhstan,2016,0
Kazakhstan,2017,0
Kazakhstan,2018,0
Kazakhstan,2019,0
Liberia,1961,7000
Liberia,1962,8000
Liberia,1963,10000
Liberia,1964,10000
Liberia,1965,13000
Liberia,1966,13000
Liberia,1967,13500
Liberia,1968,13500
Liberia,1969,13700
Liberia,1970,13750
Liberia,1971,15000
Liberia,1972,16000
Liberia,1973,17000
Liberia,1974,19000
Liberia,1975,23000
Liberia,1976,24000
Liberia,1977,25000
Liberia,1978,25000
Liberia,1979,26000
Liberia,1980,27000
Liberia,1981,25000
Liberia,1982,30000
Liberia,1983,30000
Liberia,1984,34000
Liberia,1985,34000
Liberia,1986,30000
Liberia,1987,27500
Liberia,1988,26000
Liberia,1989,25000
Liberia,1990,23500
Liberia,1991,35000
Liberia,1992,35000
Liberia,1993,35000
Liberia,1994,36000
Liberia,1995,35000
Liberia,1996,32915
Liberia,1997,42000
Liberia,1998,42000
Liberia,1999,42000
Liberia,2000,42000
Liberia,2001,42000
Liberia,2002,42000
Liberia,2003,42000
Liberia,2004,42000
Liberia,2005,42000
Liberia,2006,42000
Liberia,2007,42000
Liberia,2008,42000
Liberia,2009,42000
Liberia,2010,42000
Liberia,2011,42000
Liberia,2012,42000
Liberia,2013,42000
Liberia,2014,42000
Liberia,2015,42000
Liberia,2016,42000
Liberia,2017,42000
Liberia,2018,42000
Liberia,2019,42000
Liberia,2020,45000
Liberia,2021,45000
Madagascar,1961,0
Madagascar,1962,0
Madagascar,1963,0
Madagascar,1964,0
Madagascar,1965,0
Madagascar,1966,0
Madagascar,1967,0
Madagascar,1968,0
Madagascar,1969,0
Madagascar,1970,0
Madagascar,1971,0
Madagascar,1972,0
Madagascar,1973,430
Madagascar,1974,925
Madagascar,1975,2700
Madagascar,1976,1035
Madagascar,1977,2285
Madagascar,1978,2300
Madagascar,1979,2300
Madagascar,1980,1885
Madagascar,1981,2010
Madagascar,1982,2700
Madagascar,1983,2700
Madagascar,1984,2800
Madagascar,1985,2900
Madagascar,1986,3000
Madagascar,1987,3200
Madagascar,1988,3400
Madagascar,1989,3600
Madagascar,1990,3800
Madagascar,1991,3800
Madagascar,1992,3850
Madagascar,1993,4000
Madagascar,1994,3400
Madagascar,1995,3600
Madagascar,1996,3400
Madagascar,1997,3500
Madagascar,1998,3500
Madagascar,1999,3700
Madagascar,2000,3500
Madagascar,2001,3182
Madagascar,2002,3499
Madagascar,2003,3575
Madagascar,2004,3607
Madagascar,2005,3594
Madagascar,2006,3482
Madagascar,2007,3841
Madagascar,2008,4131
Madagascar,2009,4021
Madagascar,2010,3961.76
Madagascar,2011,4057.39
Madagascar,2012,4155.97
Madagascar,2013,4058.61
Madagascar,2014,4006.67
Madagascar,2015,4174
Madagascar,2016,4185
Madagascar,2017,4182
Madagascar,2018,4178
Madagascar,2019,4025.76
Madagascar,2020,4147.42
Madagascar,2021,4016.68
Malaysia,1961,94846
Malaysia,1962,108171
Malaysia,1963,125691
Malaysia,1964,122913
Malaysia,1965,150411
Malaysia,1966,189687
Malaysia,1967,225758
Malaysia,1968,282984
Malaysia,1969,352096
Malaysia,1970,431069
Malaysia,1971,580389
Malaysia,1972,718580
Malaysia,1973,812614
Malaysia,1974,1045975
Malaysia,1975,1257573
Malaysia,1976,1391965
Malaysia,1977,1612747
Malaysia,1978,1785525
Malaysia,1979,2188699
Malaysia,1980,2573173
Malaysia,1981,2822144
Malaysia,1982,3510920
Malaysia,1983,3016481
Malaysia,1984,3714795
Malaysia,1985,4134463
Malaysia,1986,4542249
Malaysia,1987,4531960
Malaysia,1988,5027496
Malaysia,1989,6056501
Malaysia,1990,6094622
Malaysia,1991,6141353
Malaysia,1992,6373460
Malaysia,1993,7402930
Malaysia,1994,7220630
Malaysia,1995,7810546
Malaysia,1996,8385890
Malaysia,1997,9068730
Malaysia,1998,8319680
Malaysia,1999,10553918
Malaysia,2000,10842095
Malaysia,2001,11804000
Malaysia,2002,11909300
Malaysia,2003,13354800
Malaysia,2004,13976200
Malaysia,2005,14961700
Malaysia,2006,15880700
Malaysia,2007,15823745
Malaysia,2008,17734440
Malaysia,2009,17564936
Malaysia,2010,16993716
Malaysia,2011,18911520
Malaysia,2012,18785030
Malaysia,2013,19216460
Malaysia,2014,19667016
Malaysia,2015,19961580
Malaysia,2016,17319176
Malaysia,2017,19919332
Malaysia,2018,19516140
Malaysia,2019,19858368
Malaysia,2020,19140612
Malaysia,2021,18116354
Mexico,1961,20240
Mexico,1962,23400
Mexico,1963,18800
Mexico,1964,20600
Mexico,1965,20700
Mexico,1966,20800
Mexico,1967,18500
Mexico,1968,20200
Mexico,1969,14900
Mexico,1970,11200
Mexico,1971,12000
Mexico,1972,10087
Mexico,1973,10500
Mexico,1974,10900
Mexico,1975,8300
Mexico,1976,11900
Mexico,1977,6000
Mexico,1978,6000
Mexico,1979,7000
Mexico,1980,6700
Mexico,1981,4000
Mexico,1982,2000
Mexico,1983,2000
Mexico,1984,1500
Mexico,1985,1500
Mexico,1986,1500
Mexico,1987,2000
Mexico,1988,1800
Mexico,1989,1800
Mexico,1990,4500
Mexico,1991,3000
Mexico,1992,3286
Mexico,1993,7700
Mexico,1994,5000
Mexico,1995,5700
Mexico,1996,7200
Mexico,1997,6500
Mexico,1998,12350
Mexico,1999,18000
Mexico,2000,26200
Mexico,2001,34000
Mexico,2002,36000
Mexico,2003,39500
Mexico,2004,41000
Mexico,2005,42600
Mexico,2006,50000
Mexico,2007,57000
Mexico,2008,62000
Mexico,2009,65000
Mexico,2010,68000
Mexico,2011,73000
Mexico,2012,75000
Mexico,2013,77000
Mexico,2014,83000
Mexico,2015,87000
Mexico,2016,90000
Mexico,2017,183400
Mexico,2018,206600
Mexico,2019,271300
Mexico,2020,299200
Mexico,2021,305000
Mozambique,2013,0
Mozambique,2014,0
Mozambique,2015,0
Mozambique,2016,0
Mozambique,2017,0
Mozambique,2018,0
Nicaragua,1961,0
Nicaragua,1962,0
Nicaragua,1963,0
Nicaragua,1964,0
Nicaragua,1965,0
Nicaragua,1966,0
Nicaragua,1967,0
Nicaragua,1968,1500
Nicaragua,1969,1500
Nicaragua,1970,1500
Nicaragua,1971,1500
Nicaragua,1972,1500
Nicaragua,1973,2000
Nicaragua,1974,2000
Nicaragua,1975,2000
Nicaragua,1976,2000
Nicaragua,1977,2000
Nicaragua,1978,3000
Nicaragua,1979,3000
Nicaragua,1980,3000
Nicaragua,1981,3000
Nicaragua,1982,3000
Nicaragua,1983,3200
Nicaragua,1984,3200
Nicaragua,1985,3200
Nicaragua,1986,3280
Nicaragua,1987,3360
Nicaragua,1988,3450
Nicaragua,1989,3520
Nicaragua,1990,3680
Nicaragua,1991,3750
Nicaragua,1992,2933
Nicaragua,1993,4000
Nicaragua,1994,6000
Nicaragua,1995,6200
Nicaragua,1996,7500
Nicaragua,1997,8000
Nicaragua,1998,8000
Nicaragua,1999,8000
Nicaragua,2000,8200
Nicaragua,2001,8000
Nicaragua,2002,8000
Nicaragua,2003,8000
Nicaragua,2004,8400
Nicaragua,2005,8600
Nicaragua,2006,8800
Nicaragua,2007,9000
Nicaragua,2008,9500
Nicaragua,2009,11000
Nicaragua,2010,13000
Nicaragua,2011,13000
Nicaragua,2012,13000
Nicaragua,2013,30000
Nicaragua,2014,42000
Nicaragua,2015,59594
Nicaragua,2016,50458
Nicaragua,2017,74300
Nicaragua,2018,80000
Nicaragua,2019,128000
Nicaragua,2020,133950
Nicaragua,2021,140647.5
Nigeria,1961,669000
Nigeria,1962,640000
Nigeria,1963,657000
Nigeria,1964,676000
Nigeria,1965,687000
Nigeria,1966,713000
Nigeria,1967,601000
Nigeria,1968,599000
Nigeria,1969,621000
Nigeria,1970,488000
Nigeria,1971,500000
Nigeria,1972,460000
Nigeria,1973,430000
Nigeria,1974,485000
Nigeria,1975,500000
Nigeria,1976,525000
Nigeria,1977,528000
Nigeria,1978,530000
Nigeria,1979,650000
Nigeria,1980,650000
Nigeria,1981,530000
Nigeria,1982,500000
Nigeria,1983,500000
Nigeria,1984,500000
Nigeria,1985,615000
Nigeria,1986,650000
Nigeria,1987,715000
Nigeria,1988,700000
Nigeria,1989,700000
Nigeria,1990,730000
Nigeria,1991,760000
Nigeria,1992,792000
Nigeria,1993,825000
Nigeria,1994,837000
Nigeria,1995,860000
Nigeria,1996,776000
Nigeria,1997,810000
Nigeria,1998,845000
Nigeria,1999,896000
Nigeria,2000,899000
Nigeria,2001,903000
Nigeria,2002,961000
Nigeria,2003,1022000
Nigeria,2004,1094000
Nigeria,2005,1170000
Nigeria,2006,1287000
Nigeria,2007,1309000
Nigeria,2008,1330000
Nigeria,2009,1233050
Nigeria,2010,970820
Nigeria,2011,930000
Nigeria,2012,940000
Nigeria,2013,880000
Nigeria,2014,1350095
Nigeria,2015,1432103
Nigeria,2016,960000
Nigeria,2017,1529315
Nigeria,2018,1564599
Nigeria,2019,1220000
Nigeria,2020,1280000
Nigeria,2021,1350000
Norway,1961,0
Norway,1962,0
Norway,1963,0
Norway,1964,0
Norway,1965,0
Norway,1966,0
Norway,1967,0
Norway,1968,0
Norway,1969,0
Norway,1970,0
Norway,1971,0
Norway,1972,0
Norway,1973,0
Norway,1974,0
Norway,1975,0
Norway,1976,0
Norway,1977,0
Norway,1978,0
Norway,1979,0
Norway,1980,0
Norway,1981,0
Norway,1982,0
Norway,1983,0
Norway,1984,0
Norway,1985,0
Norway,1986,0
Norway,1987,0
Norway,1988,0
Norway,1989,0
Norway,1990,0
Norway,2010,0
Panama,1961,0
Panama,1962,0
Panama,1963,0
Panama,1964,0
Panama,1965,0
Panama,1966,0
Panama,1967,0
Panama,1968,0
Panama,1969,0
Panama,1970,0
Panama,1971,0
Panama,1972,0
Panama,1973,0
Panama,1974,0
Panama,1975,0
Panama,1976,0
Panama,1977,0
Panama,1978,0
Panama,1979,0
Panama,1980,0
Panama,1981,0
Panama,1982,0
Panama,1983,0
Panama,1984,0
Panama,1985,0
Panama,1986,0
Panama,1987,0
Panama,1988,0
Panama,1989,0
Panama,1990,0
Panama,1997,5000
Panama,1998,10000
Panama,1999,11400
Panama,2000,11600
Panama,2001,11800
Panama,2002,11500
Panama,2003,11800
Panama,2004,13000
Panama,2005,13500
Panama,2006,13800
Panama,2007,15306
Panama,2008,12818
Panama,2009,15528
Panama,2010,12218
Panama,2011,10425
Panama,2012,6603
Panama,2013,2835
Panama,2014,22599
Panama,2015,18082
Panama,2016,17371
Panama,2017,18124
Panama,2018,48725
Panama,2019,55468
Panama,2020,62037
Panama,2021,59048
Papua New Guinea,1961,0
Papua New Guinea,1962,0
Papua New Guinea,1963,0
Papua New Guinea,1964,0
Papua New Guinea,1965,0
Papua New Guinea,1966,0
Papua New Guinea,1967,0
Papua New Guinea,1968,0
Papua New Guinea,1969,0
Papua New Guinea,1970,0
Papua New Guinea,1971,1000
Papua New Guinea,1972,5000
Papua New Guinea,1973,10000
Papua New Guinea,1974,10000
Papua New Guinea,1975,20000
Papua New Guinea,1976,30000
Papua New Guinea,1977,30000
Papua New Guinea,1978,30000
Papua New Guinea,1979,35000
Papua New Guinea,1980,35000
Papua New Guinea,1981,50000
Papua New Guinea,1982,80000
Papua New Guinea,1983,84000
Papua New Guinea,1984,121000
Papua New Guinea,1985,123000
Papua New Guinea,1986,132000
Papua New Guinea,1987,131000
Papua New Guinea,1988,110000
Papua New Guinea,1989,133000
Papua New Guinea,1990,145000
Papua New Guinea,1991,180000
Papua New Guinea,1992,202000
Papua New Guinea,1993,222800
Papua New Guinea,1994,224800
Papua New Guinea,1995,223412
Papua New Guinea,1996,271806
Papua New Guinea,1997,248882
Papua New Guinea,1998,283000
Papua New Guinea,1999,299000
Papua New Guinea,2000,336000
Papua New Guinea,2001,329000
Papua New Guinea,2002,316000
Papua New Guinea,2003,326000
Papua New Guinea,2004,345000
Papua New Guinea,2005,310000
Papua New Guinea,2006,365000
Papua New Guinea,2007,382000
Papua New Guinea,2008,465000
Papua New Guinea,2009,478000
Papua New Guinea,2010,488000
Papua New Guinea,2011,580000
Papua New Guinea,2012,520000
Papua New Guinea,2013,500000
Papua New Guinea,2014,537000
Papua New Guinea,2015,525000
Papua New Guinea,2016,565000
Papua New Guinea,2017,645000
Papua New Guinea,2018,648000
Papua New Guinea,2019,625000
Papua New Guinea,2020,680000
Papua New Guinea,2021,765000
Paraguay,1961,2500
Paraguay,1962,3600
Paraguay,1963,4700
Paraguay,1964,5929
Paraguay,1965,5021
Paraguay,1966,4544
Paraguay,1967,4188
Paraguay,1968,5634
Paraguay,1969,6335
Paraguay,1970,6976
Paraguay,1971,7202
Paraguay,1972,7635
Paraguay,1973,4262
Paraguay,1974,6248
Paraguay,1975,3854
Paraguay,1976,4589
Paraguay,1977,4959
Paraguay,1978,4281
Paraguay,1979,4877
Paraguay,1980,5118
Paraguay,1981,4638
Paraguay,1982,6485
Paraguay,1983,3416
Paraguay,1984,5000
Paraguay,1985,4695
Paraguay,1986,4880
Paraguay,1987,3619
Paraguay,1988,3691
Paraguay,1989,3700
Paraguay,1990,3955
Paraguay,1991,5376
Paraguay,1992,5728
Paraguay,1993,3800
Paraguay,1994,4524
Paraguay,1995,2400
Paraguay,1996,2570
Paraguay,1997,2234
Paraguay,1998,2216
Paraguay,1999,2750
Paraguay,2000,2913
Paraguay,2001,3650
Paraguay,2002,2760
Paraguay,2003,2800
Paraguay,2004,2770
Paraguay,2005,2485
Paraguay,2006,2584
Paraguay,2007,3135
Paraguay,2008,3128
Paraguay,2009,3344
Paraguay,2010,3800
Paraguay,2011,4000
Paraguay,2012,4000
Paraguay,2013,4000
Paraguay,2014,3982.34
Paraguay,2015,3948.97
Paraguay,2016,3930
Paraguay,2017,3940
Paraguay,2018,3997.6
Paraguay,2019,3954.74
Paraguay,2020,3919.35
Paraguay,2021,3933.84
Peru,1961,0
Peru,1962,0
Peru,1963,0
Peru,1964,0
Peru,1965,0
Peru,1966,0
Peru,1967,0
Peru,1968,0
Peru,1969,0
Peru,1970,0
Peru,1971,0
Peru,1972,0
Peru,1973,0
Peru,1974,0
Peru,1975,650
Peru,1976,660
Peru,1977,3380
Peru,1978,4392
Peru,1979,4429
Peru,1980,5239
Peru,1981,6395
Peru,1982,5898
Peru,1983,7754
Peru,1984,10000
Peru,1985,10000
Peru,1986,13200
Peru,1987,19000
Peru,1988,25000
Peru,1989,22500
Peru,1990,25700
Peru,1991,23100
Peru,1992,25000
Peru,1993,30000
Peru,1994,29000
Peru,1995,32200
Peru,1996,32500
Peru,1997,33000
Peru,1998,33500
Peru,1999,35000
Peru,2000,24500
Peru,2001,30800
Peru,2002,23800
Peru,2003,27000
Peru,2004,28000
Peru,2005,29000
Peru,2006,32000
Peru,2007,34000
Peru,2008,59000
Peru,2009,65000
Peru,2010,70000
Peru,2011,87000
Peru,2012,104000
Peru,2013,122000
Peru,2014,128000
Peru,2015,142000
Peru,2016,160000
Peru,2017,178000
Peru,2018,203000
Peru,2019,220000
Peru,2020,230000
Peru,2021,270000
Philippines,1961,280
Philippines,1962,280
Philippines,1963,280
Philippines,1964,280
Philippines,1965,280
Philippines,1966,550
Philippines,1967,550
Philippines,1968,550
Philippines,1969,1100
Philippines,1970,2200
Philippines,1971,2750
Philippines,1972,5500
Philippines,1973,7700
Philippines,1974,7700
Philippines,1975,11000
Philippines,1976,12100
Philippines,1977,12000
Philippines,1978,10800
Philippines,1979,12000
Philippines,1980,12500
Philippines,1981,12750
Philippines,1982,30000
Philippines,1983,21000
Philippines,1984,34000
Philippines,1985,34000
Philippines,1986,38000
Philippines,1987,39000
Philippines,1988,43000
Philippines,1989,42000
Philippines,1990,45100
Philippines,1991,51900
Philippines,1992,54000
Philippines,1993,54700
Philippines,1994,54400
Philippines,1995,53000
Philippines,1996,52000
Philippines,1997,50000
Philippines,1998,48000
Philippines,1999,48000
Philippines,2000,54000
Philippines,2001,55000
Philippines,2002,56300
Philippines,2003,59000
Philippines,2004,60000
Philippines,2005,61000
Philippines,2006,68000
Philippines,2007,75000
Philippines,2008,82000
Philippines,2009,90000
Philippines,2010,92000
Philippines,2011,87000
Philippines,2012,98000
Philippines,2013,106000
Philippines,2014,105000
Philippines,2015,115000
Philippines,2016,98000
Philippines,2017,118700
Philippines,2018,125100
Philippines,2019,124800
Philippines,2020,123300
Philippines,2021,130700
Russia,2014,0
Russia,2015,0
Russia,2016,0
Russia,2017,0
Russia,2018,0
Russia,2019,0
Sao Tome and Principe,1961,2000
Sao Tome and Principe,1962,1856
Sao Tome and Principe,1963,1641
Sao Tome and Principe,1964,1372
Sao Tome and Principe,1965,1733
Sao Tome and Principe,1966,1364
Sao Tome and Principe,1967,1169
Sao Tome and Principe,1968,997
Sao Tome and Principe,1969,937
Sao Tome and Principe,1970,952
Sao Tome and Principe,1971,679
Sao Tome and Principe,1972,754
Sao Tome and Principe,1973,653
Sao Tome and Principe,1974,539
Sao Tome and Principe,1975,342
Sao Tome and Principe,1976,500
Sao Tome and Principe,1977,532
Sao Tome and Principe,1978,400
Sao Tome and Principe,1979,300
Sao Tome and Principe,1980,200
Sao Tome and Principe,1981,250
Sao Tome and Principe,1982,200
Sao Tome and Principe,1983,288
Sao Tome and Principe,1984,221
Sao Tome and Principe,1985,278
Sao Tome and Principe,1986,272
Sao Tome and Principe,1987,300
Sao Tome and Principe,1988,97
Sao Tome and Principe,1989,365
Sao Tome and Principe,1990,350
Sao Tome and Principe,1991,923
Sao Tome and Principe,1992,1096
Sao Tome and Principe,1993,1089
Sao Tome and Principe,1994,811
Sao Tome and Principe,1995,719
Sao Tome and Principe,1996,1084
Sao Tome and Principe,1997,1163
Sao Tome and Principe,1998,979
Sao Tome and Principe,1999,1091
Sao Tome and Principe,2000,2025
Sao Tome and Principe,2001,2500
Sao Tome and Principe,2002,2550
Sao Tome and Principe,2003,2600
Sao Tome and Principe,2004,2650
Sao Tome and Principe,2005,2700
Sao Tome and Principe,2006,3000
Sao Tome and Principe,2007,3281
Sao Tome and Principe,2008,3295
Sao Tome and Principe,2009,3400
Sao Tome and Principe,2010,3500
Sao Tome and Principe,2011,3500
Sao Tome and Principe,2012,3500
Sao Tome and Principe,2013,3500
Sao Tome and Principe,2014,3650
Sao Tome and Principe,2015,3838.9
Sao Tome and Principe,2016,3900
Sao Tome and Principe,2017,4000
Sao Tome and Principe,2018,3940.7
Sao Tome and Principe,2019,3585.6
Sao Tome and Principe,2020,3638.56
Sao Tome and Principe,2021,3947.49
Senegal,1961,3700
Senegal,1962,3800
Senegal,1963,3900
Senegal,1964,4000
Senegal,1965,4100
Senegal,1966,4200
Senegal,1967,4300
Senegal,1968,4400
Senegal,1969,4500
Senegal,1970,4600
Senegal,1971,4800
Senegal,1972,4900
Senegal,1973,4000
Senegal,1974,5300
Senegal,1975,5400
Senegal,1976,4000
Senegal,1977,5700
Senegal,1978,5800
Senegal,1979,5900
Senegal,1980,6000
Senegal,1981,6100
Senegal,1982,6000
Senegal,1983,6000
Senegal,1984,6000
Senegal,1985,6000
Senegal,1986,6000
Senegal,1987,6000
Senegal,1988,5200
Senegal,1989,4300
Senegal,1990,5200
Senegal,1991,3400
Senegal,1992,3583
Senegal,1993,3641
Senegal,1994,4300
Senegal,1995,5900
Senegal,1996,5200
Senegal,1997,5176
Senegal,1998,5500
Senegal,1999,6140
Senegal,2000,5600
Senegal,2001,7621
Senegal,2002,7031
Senegal,2003,6000
Senegal,2004,6608
Senegal,2005,6691
Senegal,2006,7387
Senegal,2007,7100
Senegal,2008,9189.92
Senegal,2009,9363.23
Senegal,2010,12408.45
Senegal,2011,14000
Senegal,2012,14000
Senegal,2013,14000
Senegal,2014,14000
Senegal,2015,14000
Senegal,2016,14000
Senegal,2017,14000
Senegal,2018,14000
Senegal,2019,14000
Senegal,2020,14000
Senegal,2021,14000
Sierra Leone,1961,35000
Sierra Leone,1962,35000
Sierra Leone,1963,37000
Sierra Leone,1964,39000
Sierra Leone,1965,39000
Sierra Leone,1966,40000
Sierra Leone,1967,41000
Sierra Leone,1968,42000
Sierra Leone,1969,45000
Sierra Leone,1970,48000
Sierra Leone,1971,46400
Sierra Leone,1972,43500
Sierra Leone,1973,37800
Sierra Leone,1974,39000
Sierra Leone,1975,43100
Sierra Leone,1976,45200
Sierra Leone,1977,40600
Sierra Leone,1978,45000
Sierra Leone,1979,45000
Sierra Leone,1980,47000
Sierra Leone,1981,48000
Sierra Leone,1982,48000
Sierra Leone,1983,45500
Sierra Leone,1984,48500
Sierra Leone,1985,51000
Sierra Leone,1986,49300
Sierra Leone,1987,50000
Sierra Leone,1988,50700
Sierra Leone,1989,49300
Sierra Leone,1990,50000
Sierra Leone,1991,50700
Sierra Leone,1992,48000
Sierra Leone,1993,47000
Sierra Leone,1994,50264
Sierra Leone,1995,45238
Sierra Leone,1996,48000
Sierra Leone,1997,50800
Sierra Leone,1998,40000
Sierra Leone,1999,35560
Sierra Leone,2000,36000
Sierra Leone,2001,36000
Sierra Leone,2002,36000
Sierra Leone,2003,36000
Sierra Leone,2004,38300
Sierra Leone,2005,35560
Sierra Leone,2006,45000
Sierra Leone,2007,46200
Sierra Leone,2008,48000
Sierra Leone,2009,50000
Sierra Leone,2010,52000
Sierra Leone,2011,54000
Sierra Leone,2012,57000
Sierra Leone,2013,60000
Sierra Leone,2014,61000
Sierra Leone,2015,62000
Sierra Leone,2016,65000
Sierra Leone,2017,69000
Sierra Leone,2018,71000
Sierra Leone,2019,88579.44
Sierra Leone,2020,75000
Sierra Leone,2021,77600
Solomon Islands,1961,200
Solomon Islands,1962,200
Solomon Islands,1963,200
Solomon Islands,1964,200
Solomon Islands,1965,200
Solomon Islands,1966,200
Solomon Islands,1967,200
Solomon Islands,1968,200
Solomon Islands,1969,400
Solomon Islands,1970,400
Solomon Islands,1971,500
Solomon Islands,1972,500
Solomon Islands,1973,500
Solomon Islands,1974,1000
Solomon Islands,1975,2300
Solomon Islands,1976,4535
Solomon Islands,1977,7044
Solomon Islands,1978,10911
Solomon Islands,1979,13010
Solomon Islands,1980,14228
Solomon Islands,1981,18081
Solomon Islands,1982,19238
Solomon Islands,1983,19654
Solomon Islands,1984,19666
Solomon Islands,1985,20000
Solomon Islands,1986,14560
Solomon Islands,1987,11999
Solomon Islands,1988,15227
Solomon Islands,1989,20090
Solomon Islands,1990,22104
Solomon Islands,1991,22518
Solomon Islands,1992,30854
Solomon Islands,1993,30986
Solomon Islands,1994,29737
Solomon Islands,1995,29562
Solomon Islands,1996,28680
Solomon Islands,1997,28863
Solomon Islands,1998,29077
Solomon Islands,1999,31000
Solomon Islands,2000,35000
Solomon Islands,2001,36000
Solomon Islands,2002,34000
Solomon Islands,2003,33000
Solomon Islands,2004,34000
Solomon Islands,2005,35000
Solomon Islands,2006,36000
Solomon Islands,2007,37400
Solomon Islands,2008,39000
Solomon Islands,2009,25100
Solomon Islands,2010,28600
Solomon Islands,2011,31600
Solomon Islands,2012,33000
Solomon Islands,2013,37000
Solomon Islands,2014,36000
Solomon Islands,2015,39000
Solomon Islands,2016,34000
Solomon Islands,2017,38000
Solomon Islands,2018,38000
Solomon Islands,2019,23000
Solomon Islands,2020,30000
Solomon Islands,2021,37000
Suriname,1961,0
Suriname,1962,0
Suriname,1963,0
Suriname,1964,0
Suriname,1965,0
Suriname,1966,0
Suriname,1967,0
Suriname,1968,0
Suriname,1969,0
Suriname,1970,0
Suriname,1971,0
Suriname,1972,0
Suriname,1973,0
Suriname,1974,300
Suriname,1975,625
Suriname,1976,1330
Suriname,1977,1840
Suriname,1978,2804
Suriname,1979,4874
Suriname,1980,4091
Suriname,1981,4722
Suriname,1982,5691
Suriname,1983,6558
Suriname,1984,7140
Suriname,1985,7958
Suriname,1986,6024
Suriname,1987,3710
Suriname,1988,2227
Suriname,1989,2951
Suriname,1990,1574
Suriname,1991,1509
Suriname,1992,1988
Suriname,1993,1700
Suriname,1994,1485
Suriname,1995,1015
Suriname,1996,22
Suriname,1997,17
Suriname,1998,100
Suriname,1999,150
Suriname,2000,220
Suriname,2001,234
Suriname,2002,238
Suriname,2003,236
Suriname,2004,274
Suriname,2005,306
Suriname,2006,333
Suriname,2007,240
Suriname,2008,220
Suriname,2009,229
Suriname,2010,230
Suriname,2011,235
Suriname,2012,240
Suriname,2013,250
Suriname,2014,245.41
Suriname,2015,216
Suriname,2016,220
Suriname,2017,220
Suriname,2018,200
Suriname,2019,131.64
Suriname,2020,125.78
Suriname,2021,125.18
Tanzania,1961,700
Tanzania,1962,800
Tanzania,1963,813
Tanzania,1964,800
Tanzania,1965,794
Tanzania,1966,885
Tanzania,1967,938
Tanzania,1968,1114
Tanzania,1969,1489
Tanzania,1970,1580
Tanzania,1971,1608
Tanzania,1972,1640
Tanzania,1973,2000
Tanzania,1974,2000
Tanzania,1975,2400
Tanzania,1976,2400
Tanzania,1977,2700
Tanzania,1978,3000
Tanzania,1979,3200
Tanzania,1980,3400
Tanzania,1981,4000
Tanzania,1982,4200
Tanzania,1983,4200
Tanzania,1984,4200
Tanzania,1985,4320
Tanzania,1986,4420
Tanzania,1987,4510
Tanzania,1988,4610
Tanzania,1989,4700
Tanzania,1990,4800
Tanzania,1991,4945
Tanzania,1992,4990
Tanzania,1993,5090
Tanzania,1994,5180
Tanzania,1995,5280
Tanzania,1996,5370
Tanzania,1997,5280
Tanzania,1998,5570
Tanzania,1999,5970
Tanzania,2000,6140
Tanzania,2001,6932
Tanzania,2002,7623
Tanzania,2003,7789
Tanzania,2004,7858
Tanzania,2005,7829
Tanzania,2006,6150
Tanzania,2007,6200
Tanzania,2008,5970
Tanzania,2009,6400
Tanzania,2010,8350
Tanzania,2011,8500
Tanzania,2012,8650
Tanzania,2013,8650
Tanzania,2014,5225.95
Tanzania,2015,5299.19
Tanzania,2016,7000
Tanzania,2017,5300
Tanzania,2018,5400
Tanzania,2019,5600
Tanzania,2020,5400
Tanzania,2021,5551.04
Thailand,1961,600
Thailand,1962,600
Thailand,1963,600
Thailand,1964,600
Thailand,1965,600
Thailand,1966,600
Thailand,1967,600
Thailand,1968,600
Thailand,1969,600
Thailand,1970,600
Thailand,1971,600
Thailand,1972,600
Thailand,1973,1150
Thailand,1974,1150
Thailand,1975,3250
Thailand,1976,4000
Thailand,1977,5000
Thailand,1978,6300
Thailand,1979,11600
Thailand,1980,18900
Thailand,1981,30163
Thailand,1982,49522
Thailand,1983,55552
Thailand,1984,81361
Thailand,1985,89000
Thailand,1986,105000
Thailand,1987,131000
Thailand,1988,161000
Thailand,1989,199000
Thailand,1990,226000
Thailand,1991,234000
Thailand,1992,270000
Thailand,1993,265000
Thailand,1994,300000
Thailand,1995,370000
Thailand,1996,400000
Thailand,1997,449796
Thailand,1998,475042
Thailand,1999,570000
Thailand,2000,579000
Thailand,2001,780390
Thailand,2002,641608
Thailand,2003,863835
Thailand,2004,820838
Thailand,2005,783953
Thailand,2006,1167126
Thailand,2007,1051089
Thailand,2008,1543761
Thailand,2009,1387604
Thailand,2010,1287509
Thailand,2011,1650000
Thailand,2012,1780000
Thailand,2013,1970000
Thailand,2014,2000000
Thailand,2015,2068400
Thailand,2016,1804400
Thailand,2017,2602000
Thailand,2018,2774800
Thailand,2019,3040000
Thailand,2020,2690000
Thailand,2021,2940000
Togo,1961,7700
Togo,1962,7700
Togo,1963,7700
Togo,1964,7700
Togo,1965,7700
Togo,1966,7700
Togo,1967,7700
Togo,1968,7700
Togo,1969,7700
Togo,1970,7700
Togo,1971,7700
Togo,1972,7700
Togo,1973,7700
Togo,1974,7700
Togo,1975,7100
Togo,1976,7100
Togo,1977,7100
Togo,1978,7100
Togo,1979,7100
Togo,1980,7100
Togo,1981,7100
Togo,1982,7100
Togo,1983,7100
Togo,1984,7100
Togo,1985,7100
Togo,1986,7100
Togo,1987,7100
Togo,1988,7100
Togo,1989,7100
Togo,1990,7758
Togo,1991,8042
Togo,1992,8475
Togo,1993,8612
Togo,1994,8733
Togo,1995,8000
Togo,1996,8500
Togo,1997,6800
Togo,1998,7000
Togo,1999,7000
Togo,2000,7000
Togo,2001,7000
Togo,2002,7000
Togo,2003,7000
Togo,2004,7000
Togo,2005,7000
Togo,2006,7000
Togo,2007,7000
Togo,2008,7800
Togo,2009,8200
Togo,2010,72000
Togo,2011,64000
Togo,2012,75000
Togo,2013,95000
Togo,2014,92000
Togo,2015,85000
Togo,2016,88000
Togo,2017,23000
Togo,2018,23000
Togo,2019,24000
Togo,2020,22000
Togo,2021,22000
Ukraine,2015,0
Ukraine,2016,0
Ukraine,2017,0
Ukraine,2018,0
Ukraine,2019,0
Ukraine,2020,0
Ukraine,2021,0
Venezuela,1961,0
Venezuela,1962,0
Venezuela,1963,0
Venezuela,1964,0
Venezuela,1965,0
Venezuela,1966,0
Venezuela,1967,0
Venezuela,1968,0
Venezuela,1969,0
Venezuela,1970,0
Venezuela,1971,0
Venezuela,1972,0
Venezuela,1973,0
Venezuela,1974,0
Venezuela,1975,0
Venezuela,1976,0
Venezuela,1977,0
Venezuela,1978,0
Venezuela,1979,0
Venezuela,1980,3767
Venezuela,1981,2590
Venezuela,1982,3688
Venezuela,1983,4739
Venezuela,1984,5033
Venezuela,1985,4405
Venezuela,1986,4746
Venezuela,1987,4896
Venezuela,1988,3772
Venezuela,1989,5068
Venezuela,1990,4324
Venezuela,1991,6758
Venezuela,1992,11935
Venezuela,1993,20576
Venezuela,1994,34092
Venezuela,1995,38699
Venezuela,1996,44756
Venezuela,1997,53587
Venezuela,1998,43606
Venezuela,1999,60065
Venezuela,2000,70340
Venezuela,2001,52852
Venezuela,2002,55987
Venezuela,2003,42035
Venezuela,2004,62741
Venezuela,2005,62600
Venezuela,2006,66500
Venezuela,2007,70400
Venezuela,2008,94115
Venezuela,2009,74196
Venezuela,2010,20742
Venezuela,2011,14738
Venezuela,2012,14738
Venezuela,2013,10545
Venezuela,2014,9697
Venezuela,2015,43019
Venezuela,2016,95191.33
Venezuela,2017,99199.57
Venezuela,2018,85907.74
Venezuela,2019,96647
Venezuela,2020,114000
Venezuela,2021,115900
